{
  "Create Student Address" : {
    "transaction" : "Create Student Address",
    "sampleCount" : 700,
    "errorCount" : 0,
    "errorPct" : 0.0,
    "meanResTime" : 16998.09428571429,
    "medianResTime" : 19925.0,
    "minResTime" : 917.0,
    "maxResTime" : 44231.0,
    "pct1ResTime" : 25432.7,
    "pct2ResTime" : 29548.5,
    "pct3ResTime" : 36920.810000000005,
    "throughput" : 5.274619285515143,
    "receivedKBytesPerSec" : 1.7049794760796013,
    "sentKBytesPerSec" : 3.04423827904243
  },
  "Create Student" : {
    "transaction" : "Create Student",
    "sampleCount" : 700,
    "errorCount" : 0,
    "errorPct" : 0.0,
    "meanResTime" : 11276.64857142858,
    "medianResTime" : 1667.0,
    "minResTime" : 385.0,
    "maxResTime" : 41609.0,
    "pct1ResTime" : 30935.9,
    "pct2ResTime" : 33403.15,
    "pct3ResTime" : 36681.93,
    "throughput" : 10.18685604517143,
    "receivedKBytesPerSec" : 5.023791311339426,
    "sentKBytesPerSec" : 3.5315760703475174
  },
  "Update Student" : {
    "transaction" : "Update Student",
    "sampleCount" : 700,
    "errorCount" : 0,
    "errorPct" : 0.0,
    "meanResTime" : 12004.58,
    "medianResTime" : 16150.5,
    "minResTime" : 617.0,
    "maxResTime" : 36792.0,
    "pct1ResTime" : 23401.4,
    "pct2ResTime" : 32106.149999999998,
    "pct3ResTime" : 35723.0,
    "throughput" : 7.84489521461392,
    "receivedKBytesPerSec" : 2.558784181329149,
    "sentKBytesPerSec" : 2.643055516642385
  },
  "Final Student Create" : {
    "transaction" : "Final Student Create",
    "sampleCount" : 700,
    "errorCount" : 1,
    "errorPct" : 0.14285715,
    "meanResTime" : 26665.891428571453,
    "medianResTime" : 25737.5,
    "minResTime" : 4219.0,
    "maxResTime" : 43739.0,
    "pct1ResTime" : 37188.799999999996,
    "pct2ResTime" : 39576.9,
    "pct3ResTime" : 43235.96,
    "throughput" : 4.167038723695568,
    "receivedKBytesPerSec" : 3.2749273558651066,
    "sentKBytesPerSec" : 0.694868821993035
  },
  "Total" : {
    "transaction" : "Total",
    "sampleCount" : 6300,
    "errorCount" : 2,
    "errorPct" : 0.031746034,
    "meanResTime" : 18933.46666666667,
    "medianResTime" : 19880.0,
    "minResTime" : 257.0,
    "maxResTime" : 66275.0,
    "pct1ResTime" : 37688.4,
    "pct2ResTime" : 42765.75,
    "pct3ResTime" : 54298.18999999998,
    "throughput" : 35.1243009985337,
    "receivedKBytesPerSec" : 64.91632563049514,
    "sentKBytesPerSec" : 10.014073676705898
  },
  "Get Student" : {
    "transaction" : "Get Student",
    "sampleCount" : 700,
    "errorCount" : 0,
    "errorPct" : 0.0,
    "meanResTime" : 12628.71428571428,
    "medianResTime" : 6050.5,
    "minResTime" : 3340.0,
    "maxResTime" : 45400.0,
    "pct1ResTime" : 37645.2,
    "pct2ResTime" : 38311.8,
    "pct3ResTime" : 42220.11,
    "throughput" : 12.899421368812884,
    "receivedKBytesPerSec" : 161.9962531211993,
    "sentKBytesPerSec" : 2.002937497696532
  },
  "Delete Student-1" : {
    "transaction" : "Delete Student-1",
    "sampleCount" : 700,
    "errorCount" : 0,
    "errorPct" : 0.0,
    "meanResTime" : 16609.575714285722,
    "medianResTime" : 19358.5,
    "minResTime" : 257.0,
    "maxResTime" : 40364.0,
    "pct1ResTime" : 29518.0,
    "pct2ResTime" : 32967.69999999999,
    "pct3ResTime" : 39445.56,
    "throughput" : 5.467041549515776,
    "receivedKBytesPerSec" : 2.2583579838331773,
    "sentKBytesPerSec" : 0.8915975964542331
  },
  "Delete Student-0" : {
    "transaction" : "Delete Student-0",
    "sampleCount" : 700,
    "errorCount" : 0,
    "errorPct" : 0.0,
    "meanResTime" : 21509.545714285727,
    "medianResTime" : 21297.5,
    "minResTime" : 373.0,
    "maxResTime" : 40266.0,
    "pct1ResTime" : 32970.0,
    "pct2ResTime" : 35751.95,
    "pct3ResTime" : 38878.73,
    "throughput" : 4.30239704978488,
    "receivedKBytesPerSec" : 1.9453221035648434,
    "sentKBytesPerSec" : 1.0629945835894286
  },
  "Get Soecific Student" : {
    "transaction" : "Get Soecific Student",
    "sampleCount" : 700,
    "errorCount" : 1,
    "errorPct" : 0.14285715,
    "meanResTime" : 14589.105714285695,
    "medianResTime" : 18970.5,
    "minResTime" : 803.0,
    "maxResTime" : 44250.0,
    "pct1ResTime" : 23859.5,
    "pct2ResTime" : 31221.199999999997,
    "pct3ResTime" : 36779.26,
    "throughput" : 6.6867907225555,
    "receivedKBytesPerSec" : 2.783871057778648,
    "sentKBytesPerSec" : 1.0889636459487602
  },
  "Delete Student" : {
    "transaction" : "Delete Student",
    "sampleCount" : 700,
    "errorCount" : 0,
    "errorPct" : 0.0,
    "meanResTime" : 38119.04428571431,
    "medianResTime" : 40844.5,
    "minResTime" : 639.0,
    "maxResTime" : 66275.0,
    "pct1ResTime" : 53678.99999999999,
    "pct2ResTime" : 61995.19999999986,
    "pct3ResTime" : 65053.48,
    "throughput" : 4.293978002564119,
    "receivedKBytesPerSec" : 3.715297373312313,
    "sentKBytesPerSec" : 1.761201915114189
  }
}