{
  "Create Student Address" : {
    "transaction" : "Create Student Address",
    "sampleCount" : 1100,
    "errorCount" : 1100,
    "errorPct" : 100.0,
    "meanResTime" : 1.1218181818181832,
    "medianResTime" : 0.0,
    "minResTime" : 0.0,
    "maxResTime" : 205.0,
    "pct1ResTime" : 1.0,
    "pct2ResTime" : 1.0,
    "pct3ResTime" : 8.980000000000018,
    "throughput" : 117.03372699223321,
    "receivedKBytesPerSec" : 290.4244301255453,
    "sentKBytesPerSec" : 0.0
  },
  "Create Student" : {
    "transaction" : "Create Student",
    "sampleCount" : 1100,
    "errorCount" : 1100,
    "errorPct" : 100.0,
    "meanResTime" : 1.8954545454545486,
    "medianResTime" : 1.0,
    "minResTime" : 0.0,
    "maxResTime" : 222.0,
    "pct1ResTime" : 1.0,
    "pct2ResTime" : 2.0,
    "pct3ResTime" : 59.99000000000001,
    "throughput" : 114.04872991187145,
    "receivedKBytesPerSec" : 283.0368714359772,
    "sentKBytesPerSec" : 0.0
  },
  "Update Student" : {
    "transaction" : "Update Student",
    "sampleCount" : 1100,
    "errorCount" : 1100,
    "errorPct" : 100.0,
    "meanResTime" : 1.8209090909090895,
    "medianResTime" : 1.0,
    "minResTime" : 0.0,
    "maxResTime" : 218.0,
    "pct1ResTime" : 1.0,
    "pct2ResTime" : 2.0,
    "pct3ResTime" : 37.98000000000002,
    "throughput" : 117.00882884799489,
    "receivedKBytesPerSec" : 290.3626442665674,
    "sentKBytesPerSec" : 0.0
  },
  "Final Student Create" : {
    "transaction" : "Final Student Create",
    "sampleCount" : 1100,
    "errorCount" : 1100,
    "errorPct" : 100.0,
    "meanResTime" : 0.9281818181818173,
    "medianResTime" : 0.0,
    "minResTime" : 0.0,
    "maxResTime" : 232.0,
    "pct1ResTime" : 1.0,
    "pct2ResTime" : 1.0,
    "pct3ResTime" : 5.980000000000018,
    "throughput" : 117.04618003830602,
    "receivedKBytesPerSec" : 290.455332916578,
    "sentKBytesPerSec" : 0.0
  },
  "Total" : {
    "transaction" : "Total",
    "sampleCount" : 7700,
    "errorCount" : 7700,
    "errorPct" : 100.0,
    "meanResTime" : 3006.7489610389644,
    "medianResTime" : 1.0,
    "minResTime" : 0.0,
    "maxResTime" : 21170.0,
    "pct1ResTime" : 21031.0,
    "pct2ResTime" : 21042.0,
    "pct3ResTime" : 21057.0,
    "throughput" : 250.2274795268426,
    "receivedKBytesPerSec" : 628.5179670743696,
    "sentKBytesPerSec" : 0.0
  },
  "Get Student" : {
    "transaction" : "Get Student",
    "sampleCount" : 1100,
    "errorCount" : 1100,
    "errorPct" : 100.0,
    "meanResTime" : 21039.37454545455,
    "medianResTime" : 21038.0,
    "minResTime" : 21010.0,
    "maxResTime" : 21170.0,
    "pct1ResTime" : 21053.0,
    "pct2ResTime" : 21062.0,
    "pct3ResTime" : 21108.99,
    "throughput" : 35.74678278954894,
    "receivedKBytesPerSec" : 100.64255349831016,
    "sentKBytesPerSec" : 0.0
  },
  "Get Soecific Student" : {
    "transaction" : "Get Soecific Student",
    "sampleCount" : 1100,
    "errorCount" : 1100,
    "errorPct" : 100.0,
    "meanResTime" : 1.067272727272729,
    "medianResTime" : 0.0,
    "minResTime" : 0.0,
    "maxResTime" : 222.0,
    "pct1ResTime" : 1.0,
    "pct2ResTime" : 1.0,
    "pct3ResTime" : 7.970000000000027,
    "throughput" : 117.03372699223321,
    "receivedKBytesPerSec" : 290.4244301255453,
    "sentKBytesPerSec" : 0.0
  },
  "Delete Student" : {
    "transaction" : "Delete Student",
    "sampleCount" : 1100,
    "errorCount" : 1100,
    "errorPct" : 100.0,
    "meanResTime" : 1.034545454545455,
    "medianResTime" : 0.0,
    "minResTime" : 0.0,
    "maxResTime" : 202.0,
    "pct1ResTime" : 1.0,
    "pct2ResTime" : 1.0,
    "pct3ResTime" : 3.0,
    "throughput" : 117.07109408258835,
    "receivedKBytesPerSec" : 276.19143535147936,
    "sentKBytesPerSec" : 0.0
  }
}