{
  "Create Student Address" : {
    "transaction" : "Create Student Address",
    "sampleCount" : 1200,
    "errorCount" : 2,
    "errorPct" : 0.16666667,
    "meanResTime" : 37747.77916666667,
    "medianResTime" : 40158.0,
    "minResTime" : 1258.0,
    "maxResTime" : 82345.0,
    "pct1ResTime" : 73158.0,
    "pct2ResTime" : 77894.45,
    "pct3ResTime" : 78618.73,
    "throughput" : 5.205351100931758,
    "receivedKBytesPerSec" : 1.7030326185735603,
    "sentKBytesPerSec" : 2.9992531541174325
  },
  "Create Student" : {
    "transaction" : "Create Student",
    "sampleCount" : 1200,
    "errorCount" : 0,
    "errorPct" : 0.0,
    "meanResTime" : 6602.199999999991,
    "medianResTime" : 7161.0,
    "minResTime" : 960.0,
    "maxResTime" : 31669.0,
    "pct1ResTime" : 8969.0,
    "pct2ResTime" : 9227.85,
    "pct3ResTime" : 9385.0,
    "throughput" : 17.547964436125408,
    "receivedKBytesPerSec" : 8.65402542992513,
    "sentKBytesPerSec" : 6.08352282697707
  },
  "Update Student" : {
    "transaction" : "Update Student",
    "sampleCount" : 1200,
    "errorCount" : 0,
    "errorPct" : 0.0,
    "meanResTime" : 12778.590000000007,
    "medianResTime" : 7866.5,
    "minResTime" : 1193.0,
    "maxResTime" : 64401.0,
    "pct1ResTime" : 40187.9,
    "pct2ResTime" : 40428.6,
    "pct3ResTime" : 40627.92,
    "throughput" : 9.161144532323572,
    "receivedKBytesPerSec" : 2.9881076892539773,
    "sentKBytesPerSec" : 3.086518421534797
  },
  "Final Student Create" : {
    "transaction" : "Final Student Create",
    "sampleCount" : 1200,
    "errorCount" : 3,
    "errorPct" : 0.25,
    "meanResTime" : 52686.539166666684,
    "medianResTime" : 60326.5,
    "minResTime" : 1036.0,
    "maxResTime" : 88715.0,
    "pct1ResTime" : 77847.4,
    "pct2ResTime" : 82330.85,
    "pct3ResTime" : 86224.47,
    "throughput" : 4.283098536251075,
    "receivedKBytesPerSec" : 3.3723545174197187,
    "sentKBytesPerSec" : 0.7134558838619985
  },
  "Total" : {
    "transaction" : "Total",
    "sampleCount" : 10800,
    "errorCount" : 8,
    "errorPct" : 0.074074075,
    "meanResTime" : 35544.43120370372,
    "medianResTime" : 23980.5,
    "minResTime" : 69.0,
    "maxResTime" : 141705.0,
    "pct1ResTime" : 76311.2,
    "pct2ResTime" : 105911.69999999995,
    "pct3ResTime" : 130411.97,
    "throughput" : 37.09058688985126,
    "receivedKBytesPerSec" : 70.4610977858551,
    "sentKBytesPerSec" : 10.569301336119707
  },
  "Get Student" : {
    "transaction" : "Get Student",
    "sampleCount" : 1200,
    "errorCount" : 2,
    "errorPct" : 0.16666667,
    "meanResTime" : 16740.645833333318,
    "medianResTime" : 16552.5,
    "minResTime" : 1185.0,
    "maxResTime" : 32370.0,
    "pct1ResTime" : 24378.7,
    "pct2ResTime" : 26525.450000000008,
    "pct3ResTime" : 29889.670000000002,
    "throughput" : 30.616150019135095,
    "receivedKBytesPerSec" : 398.561479461666,
    "sentKBytesPerSec" : 4.745951731725985
  },
  "Delete Student-1" : {
    "transaction" : "Delete Student-1",
    "sampleCount" : 1200,
    "errorCount" : 0,
    "errorPct" : 0.0,
    "meanResTime" : 38780.1775,
    "medianResTime" : 47995.0,
    "minResTime" : 69.0,
    "maxResTime" : 82194.0,
    "pct1ResTime" : 66257.80000000002,
    "pct2ResTime" : 69494.7,
    "pct3ResTime" : 78390.88,
    "throughput" : 4.550642967929344,
    "receivedKBytesPerSec" : 1.8798066166348752,
    "sentKBytesPerSec" : 0.7421458746525395
  },
  "Delete Student-0" : {
    "transaction" : "Delete Student-0",
    "sampleCount" : 1200,
    "errorCount" : 0,
    "errorPct" : 0.0,
    "meanResTime" : 46481.61833333331,
    "medianResTime" : 53437.5,
    "minResTime" : 126.0,
    "maxResTime" : 82098.0,
    "pct1ResTime" : 70147.3,
    "pct2ResTime" : 74552.35,
    "pct3ResTime" : 79558.93,
    "throughput" : 4.3805532638772275,
    "receivedKBytesPerSec" : 1.9806603136476137,
    "sentKBytesPerSec" : 1.0823046638290417
  },
  "Get Soecific Student" : {
    "transaction" : "Get Soecific Student",
    "sampleCount" : 1200,
    "errorCount" : 1,
    "errorPct" : 0.083333336,
    "meanResTime" : 22820.431666666656,
    "medianResTime" : 7501.0,
    "minResTime" : 1517.0,
    "maxResTime" : 73706.0,
    "pct1ResTime" : 63542.8,
    "pct2ResTime" : 63672.95,
    "pct3ResTime" : 63874.58,
    "throughput" : 6.50586340939772,
    "receivedKBytesPerSec" : 2.6997691858589636,
    "sentKBytesPerSec" : 1.0601306543407663
  },
  "Delete Student" : {
    "transaction" : "Delete Student",
    "sampleCount" : 1200,
    "errorCount" : 0,
    "errorPct" : 0.0,
    "meanResTime" : 85261.89916666668,
    "medianResTime" : 101483.0,
    "minResTime" : 224.0,
    "maxResTime" : 141705.0,
    "pct1ResTime" : 129982.5,
    "pct2ResTime" : 133483.95,
    "pct3ResTime" : 140598.82,
    "throughput" : 4.365477801545379,
    "receivedKBytesPerSec" : 3.77716145719649,
    "sentKBytesPerSec" : 1.7905280045400969
  }
}