{
  "Create Student Address" : {
    "transaction" : "Create Student Address",
    "sampleCount" : 1200,
    "errorCount" : 2,
    "errorPct" : 0.16666667,
    "meanResTime" : 24150.344166666695,
    "medianResTime" : 24865.0,
    "minResTime" : 2944.0,
    "maxResTime" : 60058.0,
    "pct1ResTime" : 48899.0,
    "pct2ResTime" : 54691.55,
    "pct3ResTime" : 57291.94,
    "throughput" : 6.7736527486918385,
    "receivedKBytesPerSec" : 2.2161332356328,
    "sentKBytesPerSec" : 3.902887428241616
  },
  "Create Student" : {
    "transaction" : "Create Student",
    "sampleCount" : 1200,
    "errorCount" : 0,
    "errorPct" : 0.0,
    "meanResTime" : 8010.0183333333325,
    "medianResTime" : 7091.0,
    "minResTime" : 822.0,
    "maxResTime" : 39920.0,
    "pct1ResTime" : 12819.9,
    "pct2ResTime" : 13147.9,
    "pct3ResTime" : 13457.820000000002,
    "throughput" : 15.53478497268467,
    "receivedKBytesPerSec" : 7.6611976671931235,
    "sentKBytesPerSec" : 5.385594399710017
  },
  "Update Student" : {
    "transaction" : "Update Student",
    "sampleCount" : 1200,
    "errorCount" : 6,
    "errorPct" : 0.5,
    "meanResTime" : 20734.318333333347,
    "medianResTime" : 7161.0,
    "minResTime" : 879.0,
    "maxResTime" : 58290.0,
    "pct1ResTime" : 47505.9,
    "pct2ResTime" : 48029.85,
    "pct3ResTime" : 54522.71,
    "throughput" : 8.94101167547108,
    "receivedKBytesPerSec" : 3.0215205959929365,
    "sentKBytesPerSec" : 2.997290803610679
  },
  "Final Student Create" : {
    "transaction" : "Final Student Create",
    "sampleCount" : 1200,
    "errorCount" : 0,
    "errorPct" : 0.0,
    "meanResTime" : 49358.07750000004,
    "medianResTime" : 53559.0,
    "minResTime" : 5160.0,
    "maxResTime" : 110041.0,
    "pct1ResTime" : 85032.2,
    "pct2ResTime" : 97198.6,
    "pct3ResTime" : 108282.34,
    "throughput" : 4.37996167533534,
    "receivedKBytesPerSec" : 3.430399671502874,
    "sentKBytesPerSec" : 0.7314193813304133
  },
  "Total" : {
    "transaction" : "Total",
    "sampleCount" : 10798,
    "errorCount" : 12,
    "errorPct" : 0.11113169,
    "meanResTime" : 31079.28088534908,
    "medianResTime" : 22366.0,
    "minResTime" : 126.0,
    "maxResTime" : 121182.0,
    "pct1ResTime" : 68954.5,
    "pct2ResTime" : 91403.1,
    "pct3ResTime" : 106063.02,
    "throughput" : 38.05395499638773,
    "receivedKBytesPerSec" : 72.95124755510916,
    "sentKBytesPerSec" : 10.83752585306867
  },
  "Get Student" : {
    "transaction" : "Get Student",
    "sampleCount" : 1200,
    "errorCount" : 0,
    "errorPct" : 0.0,
    "meanResTime" : 17077.329999999976,
    "medianResTime" : 17045.0,
    "minResTime" : 960.0,
    "maxResTime" : 32648.0,
    "pct1ResTime" : 24567.9,
    "pct2ResTime" : 24662.0,
    "pct3ResTime" : 28758.320000000014,
    "throughput" : 30.30379555039269,
    "receivedKBytesPerSec" : 398.7598724083942,
    "sentKBytesPerSec" : 4.705374504406677
  },
  "Delete Student-1" : {
    "transaction" : "Delete Student-1",
    "sampleCount" : 1199,
    "errorCount" : 0,
    "errorPct" : 0.0,
    "meanResTime" : 25759.64970809005,
    "medianResTime" : 14863.0,
    "minResTime" : 246.0,
    "maxResTime" : 99386.0,
    "pct1ResTime" : 81244.0,
    "pct2ResTime" : 91877.0,
    "pct3ResTime" : 99262.0,
    "throughput" : 4.619035511484024,
    "receivedKBytesPerSec" : 1.9080586146071703,
    "sentKBytesPerSec" : 0.7532997367361641
  },
  "Delete Student-0" : {
    "transaction" : "Delete Student-0",
    "sampleCount" : 1199,
    "errorCount" : 0,
    "errorPct" : 0.0,
    "meanResTime" : 41252.11509591324,
    "medianResTime" : 45798.0,
    "minResTime" : 126.0,
    "maxResTime" : 99711.0,
    "pct1ResTime" : 75035.0,
    "pct2ResTime" : 84359.0,
    "pct3ResTime" : 92189.0,
    "throughput" : 4.453722517114701,
    "receivedKBytesPerSec" : 2.0137436771719788,
    "sentKBytesPerSec" : 1.1003826140918156
  },
  "Get Soecific Student" : {
    "transaction" : "Get Soecific Student",
    "sampleCount" : 1200,
    "errorCount" : 3,
    "errorPct" : 0.25,
    "meanResTime" : 26402.153333333332,
    "medianResTime" : 9761.0,
    "minResTime" : 1122.0,
    "maxResTime" : 57555.0,
    "pct1ResTime" : 55767.9,
    "pct2ResTime" : 56083.8,
    "pct3ResTime" : 56447.98,
    "throughput" : 7.313149041977476,
    "receivedKBytesPerSec" : 3.062399015695846,
    "sentKBytesPerSec" : 1.1896900881691532
  },
  "Delete Student" : {
    "transaction" : "Delete Student",
    "sampleCount" : 1200,
    "errorCount" : 1,
    "errorPct" : 0.083333336,
    "meanResTime" : 66973.56583333336,
    "medianResTime" : 71018.0,
    "minResTime" : 393.0,
    "maxResTime" : 121182.0,
    "pct1ResTime" : 103717.8,
    "pct2ResTime" : 112568.25,
    "pct3ResTime" : 115760.41,
    "throughput" : 4.452012866317184,
    "receivedKBytesPerSec" : 3.8587770796001353,
    "sentKBytesPerSec" : 1.8244992181152404
  }
}