{
  "Create Student Address" : {
    "transaction" : "Create Student Address",
    "sampleCount" : 600,
    "errorCount" : 0,
    "errorPct" : 0.0,
    "meanResTime" : 12988.475000000006,
    "medianResTime" : 15365.5,
    "minResTime" : 1132.0,
    "maxResTime" : 44487.0,
    "pct1ResTime" : 21824.5,
    "pct2ResTime" : 21915.5,
    "pct3ResTime" : 44413.9,
    "throughput" : 4.8802309976005525,
    "receivedKBytesPerSec" : 1.57749654316971,
    "sentKBytesPerSec" : 2.8166176949042256
  },
  "Create Student" : {
    "transaction" : "Create Student",
    "sampleCount" : 600,
    "errorCount" : 0,
    "errorPct" : 0.0,
    "meanResTime" : 4218.03,
    "medianResTime" : 2660.0,
    "minResTime" : 600.0,
    "maxResTime" : 16963.0,
    "pct1ResTime" : 11386.8,
    "pct2ResTime" : 12285.099999999999,
    "pct3ResTime" : 16802.930000000004,
    "throughput" : 13.801987486198012,
    "receivedKBytesPerSec" : 6.806644219267574,
    "sentKBytesPerSec" : 4.784868708594037
  },
  "Update Student" : {
    "transaction" : "Update Student",
    "sampleCount" : 600,
    "errorCount" : 2,
    "errorPct" : 0.33333334,
    "meanResTime" : 6170.9183333333285,
    "medianResTime" : 8023.5,
    "minResTime" : 659.0,
    "maxResTime" : 19690.0,
    "pct1ResTime" : 11301.599999999999,
    "pct2ResTime" : 12891.449999999997,
    "pct3ResTime" : 14684.880000000001,
    "throughput" : 10.64792631634989,
    "receivedKBytesPerSec" : 3.5565876279969477,
    "sentKBytesPerSec" : 3.575477992067295
  },
  "Final Student Create" : {
    "transaction" : "Final Student Create",
    "sampleCount" : 600,
    "errorCount" : 0,
    "errorPct" : 0.0,
    "meanResTime" : 27375.46333333334,
    "medianResTime" : 26922.5,
    "minResTime" : 1989.0,
    "maxResTime" : 58339.0,
    "pct1ResTime" : 48443.9,
    "pct2ResTime" : 53393.049999999996,
    "pct3ResTime" : 57111.04,
    "throughput" : 4.523795162555039,
    "receivedKBytesPerSec" : 3.54305050817299,
    "sentKBytesPerSec" : 0.7554384499969841
  },
  "Total" : {
    "transaction" : "Total",
    "sampleCount" : 5400,
    "errorCount" : 11,
    "errorPct" : 0.2037037,
    "meanResTime" : 14697.859814814805,
    "medianResTime" : 11353.5,
    "minResTime" : 65.0,
    "maxResTime" : 68668.0,
    "pct1ResTime" : 35380.50000000001,
    "pct2ResTime" : 44091.549999999996,
    "pct3ResTime" : 58602.93,
    "throughput" : 38.712174979030905,
    "receivedKBytesPerSec" : 73.35402687270145,
    "sentKBytesPerSec" : 11.02366567332301
  },
  "Get Student" : {
    "transaction" : "Get Student",
    "sampleCount" : 600,
    "errorCount" : 0,
    "errorPct" : 0.0,
    "meanResTime" : 12093.603333333329,
    "medianResTime" : 16151.5,
    "minResTime" : 1951.0,
    "maxResTime" : 24543.0,
    "pct1ResTime" : 18454.0,
    "pct2ResTime" : 18602.95,
    "pct3ResTime" : 23869.43,
    "throughput" : 20.417191275053597,
    "receivedKBytesPerSec" : 264.1657224601865,
    "sentKBytesPerSec" : 3.1702474733725796
  },
  "Delete Student-1" : {
    "transaction" : "Delete Student-1",
    "sampleCount" : 600,
    "errorCount" : 2,
    "errorPct" : 0.33333334,
    "meanResTime" : 12514.160000000013,
    "medianResTime" : 2805.5,
    "minResTime" : 65.0,
    "maxResTime" : 47355.0,
    "pct1ResTime" : 42351.9,
    "pct2ResTime" : 42755.95,
    "pct3ResTime" : 46527.88,
    "throughput" : 5.076829350842754,
    "receivedKBytesPerSec" : 2.146018073512489,
    "sentKBytesPerSec" : 0.8251996092956746
  },
  "Delete Student-0" : {
    "transaction" : "Delete Student-0",
    "sampleCount" : 600,
    "errorCount" : 0,
    "errorPct" : 0.0,
    "meanResTime" : 16963.923333333336,
    "medianResTime" : 15241.0,
    "minResTime" : 128.0,
    "maxResTime" : 46260.0,
    "pct1ResTime" : 35082.299999999996,
    "pct2ResTime" : 42227.049999999996,
    "pct3ResTime" : 44597.46,
    "throughput" : 4.5877873101803,
    "receivedKBytesPerSec" : 2.0743608638803503,
    "sentKBytesPerSec" : 1.133506044409781
  },
  "Get Soecific Student" : {
    "transaction" : "Get Soecific Student",
    "sampleCount" : 600,
    "errorCount" : 5,
    "errorPct" : 0.8333333,
    "meanResTime" : 10478.005000000001,
    "medianResTime" : 8046.0,
    "minResTime" : 83.0,
    "maxResTime" : 24308.0,
    "pct1ResTime" : 20525.2,
    "pct2ResTime" : 21170.9,
    "pct3ResTime" : 24182.86,
    "throughput" : 7.513524343818874,
    "receivedKBytesPerSec" : 3.245649297642006,
    "sentKBytesPerSec" : 1.2151389101946004
  },
  "Delete Student" : {
    "transaction" : "Delete Student",
    "sampleCount" : 600,
    "errorCount" : 2,
    "errorPct" : 0.33333334,
    "meanResTime" : 29478.15999999999,
    "medianResTime" : 29956.0,
    "minResTime" : 193.0,
    "maxResTime" : 68668.0,
    "pct1ResTime" : 58126.5,
    "pct2ResTime" : 62673.49999999996,
    "pct3ResTime" : 68228.22,
    "throughput" : 4.581096867293259,
    "receivedKBytesPerSec" : 4.00780361219488,
    "sentKBytesPerSec" : 1.8764751370511477
  }
}