{
  "Create Student Address" : {
    "transaction" : "Create Student Address",
    "sampleCount" : 500,
    "errorCount" : 0,
    "errorPct" : 0.0,
    "meanResTime" : 11325.156000000006,
    "medianResTime" : 7308.0,
    "minResTime" : 905.0,
    "maxResTime" : 33397.0,
    "pct1ResTime" : 24121.600000000002,
    "pct2ResTime" : 26009.7,
    "pct3ResTime" : 26932.91,
    "throughput" : 4.034828640827624,
    "receivedKBytesPerSec" : 1.304226836048773,
    "sentKBytesPerSec" : 2.328695045633912
  },
  "Create Student" : {
    "transaction" : "Create Student",
    "sampleCount" : 500,
    "errorCount" : 0,
    "errorPct" : 0.0,
    "meanResTime" : 6189.944000000002,
    "medianResTime" : 2139.5,
    "minResTime" : 469.0,
    "maxResTime" : 23796.0,
    "pct1ResTime" : 21444.300000000003,
    "pct2ResTime" : 22511.85,
    "pct3ResTime" : 22916.92,
    "throughput" : 8.78827292860407,
    "receivedKBytesPerSec" : 4.334060379829156,
    "sentKBytesPerSec" : 3.046715712553169
  },
  "Update Student" : {
    "transaction" : "Update Student",
    "sampleCount" : 500,
    "errorCount" : 0,
    "errorPct" : 0.0,
    "meanResTime" : 4490.585999999998,
    "medianResTime" : 3241.0,
    "minResTime" : 446.0,
    "maxResTime" : 22946.0,
    "pct1ResTime" : 12836.800000000017,
    "pct2ResTime" : 19926.05,
    "pct3ResTime" : 22852.91,
    "throughput" : 6.75310642895732,
    "receivedKBytesPerSec" : 2.202673386007563,
    "sentKBytesPerSec" : 2.2752165214748783
  },
  "Final Student Create" : {
    "transaction" : "Final Student Create",
    "sampleCount" : 500,
    "errorCount" : 0,
    "errorPct" : 0.0,
    "meanResTime" : 19919.81600000001,
    "medianResTime" : 19728.5,
    "minResTime" : 2131.0,
    "maxResTime" : 41349.0,
    "pct1ResTime" : 32002.200000000008,
    "pct2ResTime" : 38465.4,
    "pct3ResTime" : 40909.89,
    "throughput" : 3.97228930977501,
    "receivedKBytesPerSec" : 3.1111094008198803,
    "sentKBytesPerSec" : 0.6633412812221939
  },
  "Total" : {
    "transaction" : "Total",
    "sampleCount" : 4500,
    "errorCount" : 0,
    "errorPct" : 0.0,
    "meanResTime" : 14054.397555555584,
    "medianResTime" : 11086.0,
    "minResTime" : 65.0,
    "maxResTime" : 60025.0,
    "pct1ResTime" : 29312.0,
    "pct2ResTime" : 37388.2,
    "pct3ResTime" : 51000.97,
    "throughput" : 33.45177740443942,
    "receivedKBytesPerSec" : 63.38855557780512,
    "sentKBytesPerSec" : 9.53898340048468
  },
  "Get Student" : {
    "transaction" : "Get Student",
    "sampleCount" : 500,
    "errorCount" : 0,
    "errorPct" : 0.0,
    "meanResTime" : 15365.789999999999,
    "medianResTime" : 13507.0,
    "minResTime" : 1766.0,
    "maxResTime" : 30003.0,
    "pct1ResTime" : 27943.7,
    "pct2ResTime" : 28134.95,
    "pct3ResTime" : 28486.75,
    "throughput" : 12.998154262094783,
    "receivedKBytesPerSec" : 168.7807030620402,
    "sentKBytesPerSec" : 2.018268093430733
  },
  "Delete Student-1" : {
    "transaction" : "Delete Student-1",
    "sampleCount" : 500,
    "errorCount" : 0,
    "errorPct" : 0.0,
    "meanResTime" : 11776.814000000008,
    "medianResTime" : 2545.5,
    "minResTime" : 65.0,
    "maxResTime" : 35088.0,
    "pct1ResTime" : 33056.2,
    "pct2ResTime" : 33970.7,
    "pct3ResTime" : 35051.92,
    "throughput" : 4.979881279630294,
    "receivedKBytesPerSec" : 2.0571189270347796,
    "sentKBytesPerSec" : 0.8121486071272062
  },
  "Delete Student-0" : {
    "transaction" : "Delete Student-0",
    "sampleCount" : 500,
    "errorCount" : 0,
    "errorPct" : 0.0,
    "meanResTime" : 17874.642000000007,
    "medianResTime" : 18609.0,
    "minResTime" : 156.0,
    "maxResTime" : 38338.0,
    "pct1ResTime" : 28114.20000000002,
    "pct2ResTime" : 32823.6,
    "pct3ResTime" : 37511.86,
    "throughput" : 4.1294670509824005,
    "receivedKBytesPerSec" : 1.8671320748094251,
    "sentKBytesPerSec" : 1.020268714744675
  },
  "Get Soecific Student" : {
    "transaction" : "Get Soecific Student",
    "sampleCount" : 500,
    "errorCount" : 0,
    "errorPct" : 0.0,
    "meanResTime" : 9895.348000000004,
    "medianResTime" : 2529.0,
    "minResTime" : 420.0,
    "maxResTime" : 26959.0,
    "pct1ResTime" : 26897.8,
    "pct2ResTime" : 26915.85,
    "pct3ResTime" : 26938.93,
    "throughput" : 5.466691449001235,
    "receivedKBytesPerSec" : 2.258213362233909,
    "sentKBytesPerSec" : 0.8915404999836
  },
  "Delete Student" : {
    "transaction" : "Delete Student",
    "sampleCount" : 500,
    "errorCount" : 0,
    "errorPct" : 0.0,
    "meanResTime" : 29651.482000000007,
    "medianResTime" : 30812.5,
    "minResTime" : 222.0,
    "maxResTime" : 60025.0,
    "pct1ResTime" : 50734.30000000001,
    "pct2ResTime" : 54636.59999999999,
    "pct3ResTime" : 58571.87,
    "throughput" : 4.054327995134806,
    "receivedKBytesPerSec" : 3.507943948915467,
    "sentKBytesPerSec" : 1.6629079667545104
  }
}