{
  "Create Student Address" : {
    "transaction" : "Create Student Address",
    "sampleCount" : 200,
    "errorCount" : 0,
    "errorPct" : 0.0,
    "meanResTime" : 6943.9400000000005,
    "medianResTime" : 1973.0,
    "minResTime" : 64.0,
    "maxResTime" : 21053.0,
    "pct1ResTime" : 17270.2,
    "pct2ResTime" : 19251.099999999995,
    "pct3ResTime" : 20956.57,
    "throughput" : 3.8339883063356655,
    "receivedKBytesPerSec" : 1.2393067669893607,
    "sentKBytesPerSec" : 2.212780360394901
  },
  "Create Student" : {
    "transaction" : "Create Student",
    "sampleCount" : 200,
    "errorCount" : 0,
    "errorPct" : 0.0,
    "meanResTime" : 1870.1450000000002,
    "medianResTime" : 1019.0,
    "minResTime" : 67.0,
    "maxResTime" : 20903.0,
    "pct1ResTime" : 5261.9,
    "pct2ResTime" : 6567.25,
    "pct3ResTime" : 20577.930000000124,
    "throughput" : 6.149116064565718,
    "receivedKBytesPerSec" : 3.0325230591852423,
    "sentKBytesPerSec" : 2.131773635664873
  },
  "Update Student" : {
    "transaction" : "Update Student",
    "sampleCount" : 200,
    "errorCount" : 0,
    "errorPct" : 0.0,
    "meanResTime" : 3294.654999999999,
    "medianResTime" : 1074.0,
    "minResTime" : 66.0,
    "maxResTime" : 20790.0,
    "pct1ResTime" : 15802.9,
    "pct2ResTime" : 17090.2,
    "pct3ResTime" : 17326.92,
    "throughput" : 5.02702023375644,
    "receivedKBytesPerSec" : 1.6396726153072767,
    "sentKBytesPerSec" : 1.6936738092245822
  },
  "Final Student Create" : {
    "transaction" : "Final Student Create",
    "sampleCount" : 200,
    "errorCount" : 0,
    "errorPct" : 0.0,
    "meanResTime" : 10575.34,
    "medianResTime" : 10688.5,
    "minResTime" : 683.0,
    "maxResTime" : 23402.0,
    "pct1ResTime" : 20693.200000000004,
    "pct2ResTime" : 21861.85,
    "pct3ResTime" : 23382.59,
    "throughput" : 3.3878207842805113,
    "receivedKBytesPerSec" : 2.6533518251884476,
    "sentKBytesPerSec" : 0.5657396036249682
  },
  "Total" : {
    "transaction" : "Total",
    "sampleCount" : 1800,
    "errorCount" : 0,
    "errorPct" : 0.0,
    "meanResTime" : 6122.098333333335,
    "medianResTime" : 3303.5,
    "minResTime" : 60.0,
    "maxResTime" : 28001.0,
    "pct1ResTime" : 16148.2,
    "pct2ResTime" : 20483.44999999997,
    "pct3ResTime" : 25569.75,
    "throughput" : 28.72233480668273,
    "receivedKBytesPerSec" : 53.003615723084785,
    "sentKBytesPerSec" : 8.190353284718123
  },
  "Get Student" : {
    "transaction" : "Get Student",
    "sampleCount" : 200,
    "errorCount" : 0,
    "errorPct" : 0.0,
    "meanResTime" : 2886.455,
    "medianResTime" : 3115.0,
    "minResTime" : 357.0,
    "maxResTime" : 5101.0,
    "pct1ResTime" : 4425.3,
    "pct2ResTime" : 4856.6,
    "pct3ResTime" : 5048.97,
    "throughput" : 15.59697418700772,
    "receivedKBytesPerSec" : 195.57173877017857,
    "sentKBytesPerSec" : 2.4217957966154566
  },
  "Delete Student-1" : {
    "transaction" : "Delete Student-1",
    "sampleCount" : 200,
    "errorCount" : 0,
    "errorPct" : 0.0,
    "meanResTime" : 5459.014999999996,
    "medianResTime" : 3968.0,
    "minResTime" : 66.0,
    "maxResTime" : 20491.0,
    "pct1ResTime" : 14011.9,
    "pct2ResTime" : 14460.449999999999,
    "pct3ResTime" : 18550.470000000023,
    "throughput" : 3.5631569570639585,
    "receivedKBytesPerSec" : 1.4718900320684125,
    "sentKBytesPerSec" : 0.5811007928024229
  },
  "Delete Student-0" : {
    "transaction" : "Delete Student-0",
    "sampleCount" : 200,
    "errorCount" : 0,
    "errorPct" : 0.0,
    "meanResTime" : 7500.139999999997,
    "medianResTime" : 6843.0,
    "minResTime" : 122.0,
    "maxResTime" : 20682.0,
    "pct1ResTime" : 15502.9,
    "pct2ResTime" : 17244.45,
    "pct3ResTime" : 18676.4,
    "throughput" : 3.3208800332088004,
    "receivedKBytesPerSec" : 1.5015307181403073,
    "sentKBytesPerSec" : 0.8204908675799086
  },
  "Get Soecific Student" : {
    "transaction" : "Get Soecific Student",
    "sampleCount" : 200,
    "errorCount" : 0,
    "errorPct" : 0.0,
    "meanResTime" : 3609.8749999999995,
    "medianResTime" : 987.0,
    "minResTime" : 60.0,
    "maxResTime" : 19743.0,
    "pct1ResTime" : 9748.9,
    "pct2ResTime" : 10084.55,
    "pct3ResTime" : 19141.490000000016,
    "throughput" : 4.001200360108033,
    "receivedKBytesPerSec" : 1.6528396018805642,
    "sentKBytesPerSec" : 0.6525395118535561
  },
  "Delete Student" : {
    "transaction" : "Delete Student",
    "sampleCount" : 200,
    "errorCount" : 0,
    "errorPct" : 0.0,
    "meanResTime" : 12959.320000000005,
    "medianResTime" : 12018.0,
    "minResTime" : 192.0,
    "maxResTime" : 28001.0,
    "pct1ResTime" : 25314.8,
    "pct2ResTime" : 25775.7,
    "pct3ResTime" : 26833.780000000002,
    "throughput" : 3.316364601124248,
    "receivedKBytesPerSec" : 2.8694326529258625,
    "sentKBytesPerSec" : 1.360227668429867
  }
}