{
  "Create Student Address" : {
    "transaction" : "Create Student Address",
    "sampleCount" : 700,
    "errorCount" : 22,
    "errorPct" : 3.142857,
    "meanResTime" : 22393.391428571424,
    "medianResTime" : 5308.0,
    "minResTime" : 489.0,
    "maxResTime" : 77071.0,
    "pct1ResTime" : 55332.9,
    "pct2ResTime" : 64367.0,
    "pct3ResTime" : 68910.83,
    "throughput" : 3.9409754477229604,
    "receivedKBytesPerSec" : 1.5749496997821202,
    "sentKBytesPerSec" : 2.203042661762967
  },
  "Create Student" : {
    "transaction" : "Create Student",
    "sampleCount" : 700,
    "errorCount" : 0,
    "errorPct" : 0.0,
    "meanResTime" : 4672.438571428565,
    "medianResTime" : 3843.5,
    "minResTime" : 418.0,
    "maxResTime" : 52195.0,
    "pct1ResTime" : 8509.899999999998,
    "pct2ResTime" : 12208.8,
    "pct3ResTime" : 15732.43,
    "throughput" : 8.316008316008316,
    "receivedKBytesPerSec" : 4.1011564449064455,
    "sentKBytesPerSec" : 2.8829911642411643
  },
  "Update Student" : {
    "transaction" : "Update Student",
    "sampleCount" : 700,
    "errorCount" : 46,
    "errorPct" : 6.571429,
    "meanResTime" : 3700.117142857144,
    "medianResTime" : 1586.0,
    "minResTime" : 250.0,
    "maxResTime" : 62217.0,
    "pct1ResTime" : 10797.999999999998,
    "pct2ResTime" : 14675.199999999997,
    "pct3ResTime" : 16108.09,
    "throughput" : 4.801920768307323,
    "receivedKBytesPerSec" : 2.308914637283485,
    "sentKBytesPerSec" : 1.511519786486023
  },
  "Final Student Create" : {
    "transaction" : "Final Student Create",
    "sampleCount" : 700,
    "errorCount" : 5,
    "errorPct" : 0.71428573,
    "meanResTime" : 46903.95714285717,
    "medianResTime" : 58425.5,
    "minResTime" : 998.0,
    "maxResTime" : 80076.0,
    "pct1ResTime" : 70767.3,
    "pct2ResTime" : 74464.25,
    "pct3ResTime" : 79092.45,
    "throughput" : 3.9108111581029217,
    "receivedKBytesPerSec" : 3.080418498695465,
    "sentKBytesPerSec" : 0.6484100894039364
  },
  "Total" : {
    "transaction" : "Total",
    "sampleCount" : 6300,
    "errorCount" : 391,
    "errorPct" : 6.2063494,
    "meanResTime" : 24365.43539682542,
    "medianResTime" : 10240.5,
    "minResTime" : 70.0,
    "maxResTime" : 132063.0,
    "pct1ResTime" : 66165.5,
    "pct2ResTime" : 76448.84999999999,
    "pct3ResTime" : 120161.22999999997,
    "throughput" : 34.17727699326762,
    "receivedKBytesPerSec" : 70.11701055291239,
    "sentKBytesPerSec" : 9.307030067527247
  },
  "Get Student" : {
    "transaction" : "Get Student",
    "sampleCount" : 700,
    "errorCount" : 0,
    "errorPct" : 0.0,
    "meanResTime" : 14358.677142857137,
    "medianResTime" : 16790.0,
    "minResTime" : 1057.0,
    "maxResTime" : 26892.0,
    "pct1ResTime" : 20649.6,
    "pct2ResTime" : 20839.649999999998,
    "pct3ResTime" : 24102.54,
    "throughput" : 20.57189878625797,
    "receivedKBytesPerSec" : 269.68795001028593,
    "sentKBytesPerSec" : 3.194269440444353
  },
  "Delete Student-1" : {
    "transaction" : "Delete Student-1",
    "sampleCount" : 700,
    "errorCount" : 0,
    "errorPct" : 0.0,
    "meanResTime" : 20787.290000000037,
    "medianResTime" : 9713.0,
    "minResTime" : 70.0,
    "maxResTime" : 69742.0,
    "pct1ResTime" : 55671.7,
    "pct2ResTime" : 62919.85,
    "pct3ResTime" : 67499.95,
    "throughput" : 4.263223606078139,
    "receivedKBytesPerSec" : 1.7690712643503153,
    "sentKBytesPerSec" : 0.695271818569384
  },
  "Delete Student-0" : {
    "transaction" : "Delete Student-0",
    "sampleCount" : 700,
    "errorCount" : 0,
    "errorPct" : 0.0,
    "meanResTime" : 40510.98142857147,
    "medianResTime" : 49033.5,
    "minResTime" : 128.0,
    "maxResTime" : 72811.0,
    "pct1ResTime" : 66527.2,
    "pct2ResTime" : 69243.05,
    "pct3ResTime" : 71763.6,
    "throughput" : 3.937362192323269,
    "receivedKBytesPerSec" : 1.7802721631305405,
    "sentKBytesPerSec" : 0.9728053072829952
  },
  "Get Soecific Student" : {
    "transaction" : "Get Soecific Student",
    "sampleCount" : 700,
    "errorCount" : 318,
    "errorPct" : 45.42857,
    "meanResTime" : 4663.542857142858,
    "medianResTime" : 1103.5,
    "minResTime" : 227.0,
    "maxResTime" : 68721.0,
    "pct1ResTime" : 4036.599999999994,
    "pct2ResTime" : 41563.44999999999,
    "pct3ResTime" : 55566.850000000006,
    "throughput" : 4.1394889505212795,
    "receivedKBytesPerSec" : 6.039784646783321,
    "sentKBytesPerSec" : 0.36840758664837403
  },
  "Delete Student" : {
    "transaction" : "Delete Student",
    "sampleCount" : 700,
    "errorCount" : 0,
    "errorPct" : 0.0,
    "meanResTime" : 61298.52285714284,
    "medianResTime" : 60348.5,
    "minResTime" : 203.0,
    "maxResTime" : 132063.0,
    "pct1ResTime" : 118614.49999999999,
    "pct2ResTime" : 125514.95,
    "pct3ResTime" : 131499.54,
    "throughput" : 3.922052017615616,
    "receivedKBytesPerSec" : 3.400848073712166,
    "sentKBytesPerSec" : 1.608654147850155
  }
}